Analysis,pred_type,prob_predicted,avg_rR45CO244CO2,sd_d18O13C,diff2_acf1,fluctanal_prop_r1,time_kl_shift,total_local_score
5913,FN,0.991943598570105,-0.0246483786848073,-0.013990119047619,-0.193969019274376,-0.000479327286470144,-0.00835742630385488,-0.241444270597127
