Analysis,diff2_acf1,time_kl_shift,fluctanal_prop_r1,avg_rR45CO244CO2,sd_d18O13C,prob_abiotic,prob_biotic,biotic,total_local_score,pred,pred_type
5911,-0.0278212150415722,-0.0822488151927438,0.0854228873771731,-0.0300729686318972,-0.0142186337868481,0.632871957671957,0.367128042328042,biotic,-0.0689387452758882,abiotic,FN
5929,0.0846237074829932,0.016711925547997,0.0475302248677249,0.0204511318972033,0.00683163832199547,0.179499411841589,0.820500588158411,biotic,0.176148628117914,biotic,TP
5950,0.0253152305366591,0.0216951095993953,0.00327033635676493,0.17373567271353,-0.00674301398337113,0.813356029854655,0.186643970145345,abiotic,0.217273335222978,abiotic,TN
5956,-0.000709251700680275,0.0220612585034014,-0.0536125453514739,0.0284993253968254,-0.0113996012849584,0.444970264456536,0.555029735543464,abiotic,-0.0151608144368858,biotic,FP
