pred_type,pred,biotic,mean_total_local,mean_prob_abiotic,mean_prob_biotic
FN,abiotic,biotic,-0.155191507936508,0.812407778121031,0.187592221878969
FP,biotic,abiotic,-0.0151608144368858,0.444970264456536,0.555029735543464
TN,abiotic,abiotic,0.193740120127416,0.945662230185187,0.0543377698148131
TP,biotic,biotic,0.203615370181406,0.20695730872572,0.79304269127428
