Analysis,pred_type,prob_predicted,avg_rR45CO244CO2,sd_d18O13C,diff2_acf1,fluctanal_prop_r1,time_kl_shift,total_local_score
5911,FN,0.632871957671957,-0.0300729686318972,-0.0142186337868481,-0.0278212150415722,0.0854228873771731,-0.0822488151927438,-0.0689387452758882
5913,FN,0.991943598570105,-0.0246483786848073,-0.013990119047619,-0.193969019274376,-0.000479327286470144,-0.00835742630385488,-0.241444270597127
5956,FP,0.555029735543464,0.0284993253968254,-0.0113996012849584,-0.000709251700680275,-0.0536125453514739,0.0220612585034014,-0.0151608144368858
