pred_type,pred,class,mean_total_local,mean_prob_1,mean_prob_0
FN,1,0,-0.0511586810279667,0.619740690895284,0.380259309104717
FP,0,1,-0.0477435988284202,0.374853735431131,0.625146264568869
TN,1,1,0.082400425848402,0.741142527392121,0.258857472607879
TP,0,0,0.0791990431023358,0.254654488514333,0.745345511485667
