id,pred_type,prob_predicted,mainvar5,mainvar9,mainvar1,mainvar4,mainvar7,mainvar10,mainvar3,mainvar8,intvar4,mainvar6,total_local_score
405,FP,0.836,0.0425472801533793,0.0569659178280321,0.0302966469152953,0.0376064455224267,0.0187843120162487,0.0249196620248946,-0.0358812640605448,0.00707062422770084,0.00432917745876979,-0.023455756532789,0.163183045553414
417,FP,0.6629,0.218122982676095,-0.265088466819521,0.134067775822173,0.194638701358812,-0.0309439732869147,0.133441437830013,0.159392522233634,-0.0191034698564687,0.0171208758218784,-0.039553436962587,0.502094948817115
