pred_type,pred,class,mean_total_local,mean_prob_1,mean_prob_0
FN,1,0,-0.0308839966968306,0.550123714089049,0.449876285910951
FP,0,1,-0.0991184882286825,0.357959337342471,0.642040662657529
TN,1,1,0.0908071477803136,0.926938439069277,0.0730615609307232
TP,0,0,0.127380569491126,0.325191730728866,0.674808269271134
