id,pred_type,prob_predicted,mainvar9,mainvar4,mainvar1,intvar8,intvar3,mainvar8,mainvar2,var64,var35,total_local_score
242,FP,0.5472,0.154595605621378,0.156867346372976,0.117634093771543,-0.0195524760233756,0.011341481861221,0.143925284362109,0.13530138536332,-0.0148737348294153,-0.0628332186698637,0.622405767829892
243,FP,0.7616,0.0487997032609309,0.0510221942359365,-0.0140345696817557,-0.00902273959806449,-0.00226730039778598,0.0451289020231887,0.0377825464502303,0.00342806231475363,-0.00992220085895969,0.150914597748474
248,FP,0.7534,0.0466817227019227,0.0493641757797568,-0.0264084114088257,0.0125361222648902,6.49188362391069e-05,0.0371913323455884,-0.0276684829798836,0.00718448593318238,-0.0134569145728002,0.0854889489000701
251,FP,0.6747,0.106659767936705,0.116876191477616,0.0466575352353741,0.0354265920243401,0.00616390051161454,0.104026222258292,0.0746915893004657,-0.021853471296698,-0.0372951615277616,0.431353165919948
255,FP,0.8567,0.282630858526983,0.291783679391357,-0.144190752644739,-0.12460436719756,0.00293543239182152,0.2679251781062,0.259685281237553,0.0264460107558427,0.143981952416427,1.00659327298388
