intvar3,var35,var64,intvar8,mainvar1,mainvar2,mainvar4,mainvar8,mainvar9,prob_0,prob_1,class,id,total_local_score,pred,pred_type
0.0329211642642671,-0.0234073940052452,-0.0808549441406958,-0.00203034327505107,-0.0371221025220771,0.019799682344211,-0.0188768181635985,0.0044796682700016,-0.0574021531400898,0.718838216332553,0.281161783667446,1,248,-0.162493240368278,0,FP
0.00021734516886032,0,6.3475665748393e-06,2.7e-05,0.0134173652295476,0.00137134722222222,0.0246114959742238,0.00898669025911559,0.0686277026805365,0.0013212628847808,0.998678737115219,1,273,0.117265294101081,1,TN
0.0105092928584963,0.0328021979775075,-0.0134910713070199,0.00614905048604994,0.0418928689088889,0.0070358105862792,0.0164646853824787,-0.0174724305519116,0.113773089580093,0.748357537746028,0.251642462253973,0,295,0.197663493920862,0,TP
-0.0267343598333885,-0.0329227278539362,-0.00971873718893741,0.00514515374186099,0.00296273785525842,0.0536904743362298,0.0127744366721742,0.0105777987239432,0.0576077206659983,0.54253156615733,0.45746843384267,0,297,0.0733824971192027,1,FN
