id,pred_type,prob_predicted,mainvar9,mainvar4,mainvar1,intvar8,intvar3,mainvar8,mainvar2,var64,var35,total_local_score
242,FP,0.503137872950751,-0.0355231143461517,-0.0176838211591799,-0.00278822273029199,-0.00373790634467745,0.00896571969176406,-0.0177426565461354,-0.00486099706896839,0.0170233892920652,0.0726161143201235,0.0162685051085478
243,FP,0.823441643688691,-0.0722947836479097,-0.0314217821976204,-0.0414408854815419,-0.0175435477244617,0.00356922837736258,-0.0367269012413352,-0.00930115533894917,-0.0101461805961595,-0.0255803350766998,-0.240886342927315
244,FP,0.453303589753343,-0.0266318367365159,-0.000377736486176962,0.0198765254282154,0.00623677739412263,0.00063121157227813,-0.00031361731752695,-0.00243477640270985,0.0106591580643583,0.0443591121056473,0.0520048176216921
247,FP,0.763415254788017,-0.0465753038455051,-0.0303331231915631,-0.044832691183636,-0.021602278729888,-0.0065160624043465,-0.033451137906586,-0.0154154300834047,0.00532523892579682,0.0157859376995059,-0.177614850719627
255,FP,0.845417425622344,-0.0946477686572487,-0.0532840155343894,-0.0615567660648434,-0.00614073857077266,-0.0124530053188554,-0.0312570166090924,0.00919065092144908,0.00366880065367133,-0.0538058459832816,-0.300285705163363
285,FN,0.516607276760115,0.0285299726475224,0.0180894819546735,0.00202444343715448,0.000596060179198707,-0.0728454697623004,0.0266386612489042,0.00167028943813522,-0.000500123460694348,-0.00419093811231257,1.23775702812432e-05
296,FN,0.47667745987995,0.0352311259778781,0.00439165269787131,0.00426565232983306,-0.00305414189592274,0.00208111680112817,-0.00326443226951019,0.0686126693147721,-0.00804472094423934,-0.068772499781884,0.0314464222299266
297,FN,0.45746843384267,0.0576077206659983,0.0127744366721742,0.00296273785525842,0.00514515374186099,-0.0267343598333885,0.0105777987239432,0.0536904743362298,-0.00971873718893741,-0.0329227278539362,0.0733824971192027
