id,pred_type,prob_predicted,mainvar8,intvar8,mainvar9,mainvar7,var14,var64,intvar7,var67,total_local_score
243,FP,0.5873,0.142089864531603,0.0568860696718069,0.0583839124796863,0.254546114100553,0.0310656021817503,-0.0363535692566512,-0.056769181826983,-0.0498411168549882,0.400007695026777
244,FP,0.6947,0.158033385601783,0.0431442162085533,0.0908150800416476,0.16528964903982,-0.0122545954251918,-0.0132116477606723,0.0183458963801893,0.0158384692316357,0.466000453317765
250,FP,0.5091,0.236781469264257,-0.0557312581157093,0.155567398970627,0.287915130095164,-0.00365049464414604,-0.024239782609924,-0.0496840429013678,-0.0373582097100628,0.509600210348838
251,FP,0.5188,0.485378545702375,0.194967845785227,0.212401201990061,0.526556348087879,-0.00387255276324387,0.0642285078665531,0.131927624589238,-0.0921380209351059,1.51944950032298
256,FP,0.8397,0.106807408887261,0.0367603047694861,0.0720499641226996,0.237926530795015,0.00343894383018035,-0.00530854316090133,-0.0157582006315016,-0.0100018387014306,0.425914569910809
