id,pred_type,prob_predicted,mainvar8,intvar8,mainvar9,mainvar7,var14,var64,intvar7,var67,total_local_score
251,FP,0.495262112180957,-0.0685601851851852,0.00755092592592593,0.0118240740740741,-0.00111574074074074,-0.0131203703703704,-0.0138333333333333,0.0523472222222222,0.0471157407407407,0.0222083333333333
252,FP,0.792570825798674,-0.115393518518519,-0.0187314814814815,-0.00582407407407407,-0.0433981481481481,-0.00062037037037037,-0.0039212962962963,-0.0116666666666667,-0.0104027777777778,-0.209958333333333
256,FP,0.831176558084189,-0.12287962962963,0.000722222222222222,-0.00634722222222222,-0.0423888888888889,0.0020787037037037,-0.0171435185185185,-0.0277361111111111,-0.043337962962963,-0.257032407407407
