pred_type,pred,class,mean_total_local,mean_prob_1,mean_prob_0
FN,1,0,-0.130402777777778,0.682286927509858,0.317713072490143
FP,0,1,-0.0999054783950618,0.350458344280923,0.649541655719077
TN,1,1,0.0931215277777778,0.917573842005921,0.082426157994079
TP,0,0,0.155445853462158,0.326491835490817,0.673508164509183
